season,episode,overall_episode,speaker,num_words
1,1,1,TOTAL,2861
1,1,1,Michael,1598
1,1,1,Jim,335
1,1,1,Dwight,296
1,1,1,Pam,295
1,1,1,Jan,143
1,1,1,Ryan,54
1,1,1,Stanley,33
1,1,1,Roy,32
1,1,1,Todd Packer,25
1,1,1,Oscar,23
1,1,1,Angela,10
1,1,1,Phyllis,7
1,1,1,Kevin,4
1,2,2,TOTAL,3103
1,2,2,Michael,1740
1,2,2,Jim,366
1,2,2,Dwight,185
1,2,2,Pam,113
1,2,2,Kevin,75
1,2,2,Oscar,70
1,2,2,Ryan,32
1,2,2,Stanley,23
1,2,2,Toby,17
1,2,2,Kelly,11
1,2,2,Angela,4
1,3,3,TOTAL,2842
1,3,3,Michael,1090
1,3,3,Dwight,782
1,3,3,Jim,342
1,3,3,Pam,218
1,3,3,Jan,142
1,3,3,Oscar,53
1,3,3,Stanley,50
1,3,3,Kevin,35
1,3,3,Meredith,35
1,3,3,Angela,26
1,3,3,Ryan,11
1,4,4,TOTAL,3265
1,4,4,Michael,1485
1,4,4,Dwight,609
1,4,4,Jim,588
1,4,4,Pam,236
1,4,4,Oscar,98
1,4,4,Meredith,79
1,4,4,Phyllis,41
1,4,4,Angela,35
1,4,4,Roy,32
1,4,4,Toby,14
1,4,4,Ryan,12
1,4,4,Stanley,9
1,4,4,Kevin,6
1,5,5,TOTAL,2789
1,5,5,Michael,1874
1,5,5,Jim,219
1,5,5,Dwight,147
1,5,5,Pam,139
1,5,5,Darryl,103
1,5,5,Roy,77
1,5,5,Ryan,40
1,5,5,Angela,31
1,5,5,Phyllis,27
1,5,5,Oscar,16
1,5,5,Stanley,10
1,5,5,Kevin,7
1,6,6,TOTAL,3184
1,6,6,Michael,1529
1,6,6,Jim,536
1,6,6,Dwight,243
1,6,6,Pam,221
1,6,6,Roy,98
1,6,6,Jan,71
1,6,6,Ryan,63
1,6,6,Kevin,24
1,6,6,Toby,23
1,6,6,Stanley,22
1,6,6,Angela,18
1,6,6,Oscar,4
2,1,7,TOTAL,3357
2,1,7,Michael,1787
2,1,7,Dwight,375
2,1,7,Pam,355
2,1,7,Jim,292
2,1,7,Jan,106
2,1,7,Stanley,88
2,1,7,Oscar,73
2,1,7,Kelly,53
2,1,7,Phyllis,46
2,1,7,Roy,39
2,1,7,Ryan,27
2,1,7,Angela,22
2,1,7,Kevin,10
2,1,7,Darryl,6
2,2,8,TOTAL,3179
2,2,8,Michael,1596
2,2,8,Todd Packer,260
2,2,8,Toby,255
2,2,8,Pam,235
2,2,8,Jim,169
2,2,8,Darryl,124
2,2,8,Jan,104
2,2,8,Dwight,76
2,2,8,Roy,71
2,2,8,Phyllis,37
2,2,8,Kevin,25
2,2,8,Angela,24
2,2,8,Stanley,17
2,2,8,Ryan,6
2,2,8,Meredith,5
2,3,9,TOTAL,2795
2,3,9,Michael,1054
2,3,9,Dwight,590
2,3,9,Jim,515
2,3,9,Pam,235
2,3,9,Ryan,90
2,3,9,Angela,56
2,3,9,Kevin,50
2,3,9,Oscar,37
2,3,9,Stanley,27
2,3,9,Phyllis,9
2,3,9,Meredith,1
2,4,10,TOTAL,2915
2,4,10,Michael,982
2,4,10,Dwight,670
2,4,10,Jim,451
2,4,10,Ryan,252
2,4,10,Pam,183
2,4,10,Angela,71
2,4,10,Roy,58
2,4,10,Kevin,28
2,4,10,Meredith,28
2,4,10,Stanley,28
2,4,10,Oscar,26
2,4,10,Phyllis,21
2,4,10,Kelly,13
2,5,11,TOTAL,2966
2,5,11,Michael,1333
2,5,11,Dwight,470
2,5,11,Jim,448
2,5,11,Pam,219
2,5,11,Creed,148
2,5,11,Angela,81
2,5,11,Kelly,31
2,5,11,Oscar,21
2,5,11,Stanley,16
2,5,11,Ryan,11
2,5,11,Phyllis,8
2,5,11,Kevin,3
2,6,12,TOTAL,2916
2,6,12,Michael,1315
2,6,12,Dwight,593
2,6,12,Jim,483
2,6,12,Pam,260
2,6,12,Ryan,86
2,6,12,Toby,28
2,6,12,Stanley,20
2,6,12,Angela,15
2,6,12,Kelly,8
2,6,12,Kevin,6
2,7,13,TOTAL,2797
2,7,13,Michael,1106
2,7,13,Jim,481
2,7,13,Jan,342
2,7,13,Pam,307
2,7,13,Dwight,246
2,7,13,Oscar,45
2,7,13,Ryan,40
2,7,13,Phyllis,20
2,7,13,Kelly,9
2,7,13,Kevin,7
2,7,13,Roy,7
2,7,13,Toby,3
2,8,14,TOTAL,3547
2,8,14,Michael,1786
2,8,14,Dwight,545
2,8,14,Jan,507
2,8,14,Pam,234
2,8,14,Jim,210
2,8,14,Oscar,74
2,8,14,Angela,65
2,8,14,Stanley,49
2,8,14,Phyllis,23
2,8,14,Kelly,16
2,8,14,Kevin,16
2,8,14,Creed,11
2,8,14,Toby,6
2,8,14,Ryan,5
2,9,15,TOTAL,2953
2,9,15,Michael,1261
2,9,15,Jim,480
2,9,15,Pam,315
2,9,15,Dwight,312
2,9,15,Kevin,68
2,9,15,Phyllis,52
2,9,15,Angela,49
2,9,15,Oscar,48
2,9,15,Stanley,20
2,9,15,Kelly,19
2,9,15,Ryan,12
2,10,16,TOTAL,3295
2,10,16,Michael,1367
2,10,16,Dwight,427
2,10,16,Jim,391
2,10,16,Pam,178
2,10,16,Kevin,119
2,10,16,Ryan,117
2,10,16,Oscar,106
2,10,16,Roy,77
2,10,16,Angela,71
2,10,16,Kelly,70
2,10,16,Phyllis,62
2,10,16,Darryl,60
2,10,16,Meredith,50
2,10,16,Stanley,42
2,10,16,Toby,39
2,10,16,Todd Packer,28
2,10,16,Creed,26
2,11,17,TOTAL,2863
2,11,17,Michael,1243
2,11,17,Dwight,323
2,11,17,Jim,265
2,11,17,Roy,160
2,11,17,Pam,139
2,11,17,Creed,61
2,11,17,Stanley,50
2,11,17,Phyllis,31
2,11,17,Ryan,26
2,11,17,Kelly,25
2,11,17,Darryl,14
2,11,17,Oscar,14
2,11,17,Angela,7
2,11,17,Meredith,4
2,12,18,TOTAL,3109
2,12,18,Michael,1536
2,12,18,Jim,359
2,12,18,Pam,342
2,12,18,Dwight,328
2,12,18,Ryan,101
2,12,18,Toby,45
2,12,18,Angela,41
2,12,18,Oscar,22
2,12,18,Phyllis,21
2,12,18,Stanley,17
2,12,18,Creed,11
2,12,18,Kelly,9
2,12,18,Kevin,8
2,12,18,Meredith,5
2,13,19,TOTAL,2661
2,13,19,Michael,1114
2,13,19,Dwight,512
2,13,19,Jim,454
2,13,19,Pam,197
2,13,19,Oscar,62
2,13,19,Kelly,51
2,13,19,Ryan,50
2,13,19,Kevin,48
2,13,19,Toby,27
2,13,19,Creed,24
2,13,19,Angela,22
2,13,19,Stanley,7
2,14,20,TOTAL,3093
2,14,20,Michael,1460
2,14,20,Pam,371
2,14,20,Jim,293
2,14,20,Kelly,223
2,14,20,Dwight,151
2,14,20,Ryan,131
2,14,20,Creed,62
2,14,20,Kevin,62
2,14,20,Oscar,43
2,14,20,Stanley,36
2,14,20,Roy,34
2,14,20,Toby,28
2,14,20,Angela,24
2,14,20,Darryl,17
2,14,20,Todd Packer,11
2,14,20,Phyllis,5
2,15,21,TOTAL,3119
2,15,21,Michael,1047
2,15,21,Jan,696
2,15,21,Pam,366
2,15,21,Darryl,242
2,15,21,Roy,146
2,15,21,Kelly,123
2,15,21,Jim,100
2,15,21,Dwight,83
2,15,21,Angela,70
2,15,21,Phyllis,62
2,15,21,Kevin,42
2,15,21,Meredith,33
2,15,21,Ryan,22
2,15,21,Stanley,9
2,16,22,TOTAL,2928
2,16,22,Michael,1231
2,16,22,Dwight,252
2,16,22,Pam,244
2,16,22,Jim,242
2,16,22,Jan,215
2,16,22,Kelly,213
2,16,22,David,119
2,16,22,Roy,34
2,16,22,Angela,29
2,16,22,Kevin,27
2,16,22,Oscar,22
2,16,22,Ryan,22
2,16,22,Phyllis,17
2,16,22,Meredith,11
2,16,22,Creed,5
2,17,23,TOTAL,2839
2,17,23,Michael,1108
2,17,23,Dwight,664
2,17,23,Jim,424
2,17,23,Pam,230
2,17,23,Ryan,69
2,17,23,Oscar,58
2,17,23,Kelly,53
2,17,23,Angela,43
2,17,23,Creed,33
2,17,23,Stanley,32
2,17,23,Kevin,29
2,17,23,Toby,26
2,17,23,Phyllis,20
2,17,23,Meredith,6
2,18,24,TOTAL,3008
2,18,24,Michael,1278
2,18,24,Dwight,340
2,18,24,Pam,221
2,18,24,Jim,165
2,18,24,Stanley,117
2,18,24,Toby,85
2,18,24,Kelly,69
2,18,24,Angela,67
2,18,24,Ryan,64
2,18,24,Kevin,52
2,18,24,Meredith,39
2,18,24,Creed,22
2,18,24,Roy,12
2,18,24,Darryl,6
2,18,24,Oscar,4
2,19,25,TOTAL,2589
2,19,25,Michael,1271
2,19,25,Dwight,497
2,19,25,Pam,188
2,19,25,Jim,160
2,19,25,Kevin,90
2,19,25,Angela,77
2,19,25,Toby,64
2,19,25,Kelly,46
2,19,25,Oscar,31
2,19,25,Ryan,25
2,19,25,Jan,24
2,19,25,Stanley,18
2,19,25,Phyllis,16
2,19,25,Meredith,5
2,20,26,TOTAL,2910
2,20,26,Michael,1026
2,20,26,Dwight,835
2,20,26,Pam,341
2,20,26,Jim,230
2,20,26,Kelly,149
2,20,26,Toby,50
2,20,26,Ryan,49
2,20,26,Oscar,43
2,20,26,Stanley,42
2,20,26,Angela,36
2,20,26,Kevin,20
2,20,26,Phyllis,10
2,20,26,Creed,6
2,21,27,TOTAL,3246
2,21,27,Michael,1463
2,21,27,Jim,370
2,21,27,Dwight,353
2,21,27,Toby,279
2,21,27,Pam,227
2,21,27,Oscar,109
2,21,27,Angela,103
2,21,27,Phyllis,76
2,21,27,Creed,60
2,21,27,Stanley,24
2,21,27,Kevin,22
2,21,27,Kelly,18
2,21,27,Ryan,17
2,22,28,TOTAL,3539
2,22,28,Michael,1309
2,22,28,Jim,446
2,22,28,Pam,378
2,22,28,Dwight,308
2,22,28,Jan,276
2,22,28,Kevin,120
2,22,28,Roy,83
2,22,28,Toby,76
2,22,28,Darryl,74
2,22,28,Creed,64
2,22,28,Angela,44
2,22,28,Phyllis,42
2,22,28,Oscar,29
2,22,28,Ryan,19
2,22,28,Stanley,18
2,22,28,Kelly,8
2,22,28,Meredith,1
3,1,29,TOTAL,2519
3,1,29,Michael,1112
3,1,29,Oscar,230
3,1,29,Dwight,175
3,1,29,Andy,162
3,1,29,Jan,141
3,1,29,Jim,124
3,1,29,Pam,120
3,1,29,Toby,108
3,1,29,Roy,56
3,1,29,Angela,48
3,1,29,Stanley,45
3,1,29,Creed,40
3,1,29,Phyllis,33
3,1,29,Karen,29
3,1,29,Ryan,23
3,1,29,Kelly,11
3,1,29,Meredith,11
3,1,29,Kevin,4
3,2,30,TOTAL,3025
3,2,30,Michael,1438
3,2,30,Jim,276
3,2,30,Dwight,233
3,2,30,Pam,202
3,2,30,Jan,120
3,2,30,Kelly,106
3,2,30,Angela,99
3,2,30,Ryan,36
3,2,30,Toby,33
3,2,30,Creed,29
3,2,30,Phyllis,23
3,2,30,Kevin,19
3,2,30,Stanley,11
3,2,30,Meredith,6
3,3,31,TOTAL,2963
3,3,31,Michael,909
3,3,31,Dwight,776
3,3,31,Pam,268
3,3,31,Jim,241
3,3,31,Jan,235
3,3,31,Angela,126
3,3,31,Karen,73
3,3,31,Kelly,64
3,3,31,Andy,60
3,3,31,Creed,43
3,3,31,Kevin,36
3,3,31,Phyllis,25
3,3,31,Stanley,21
3,3,31,Ryan,10
3,3,31,Roy,9
3,4,32,TOTAL,4048
3,4,32,Michael,1756
3,4,32,Dwight,490
3,4,32,Pam,470
3,4,32,Jim,228
3,4,32,Jan,154
3,4,32,Ryan,151
3,4,32,Toby,146
3,4,32,Roy,122
3,4,32,Karen,114
3,4,32,Kevin,93
3,4,32,Creed,53
3,4,32,Kelly,49
3,4,32,Angela,41
3,4,32,Andy,35
3,4,32,Stanley,35
3,4,32,Phyllis,16
3,4,32,Meredith,8
3,5,33,TOTAL,3407
3,5,33,Dwight,990
3,5,33,Michael,599
3,5,33,Ryan,500
3,5,33,Pam,407
3,5,33,Jim,317
3,5,33,Stanley,105
3,5,33,Karen,104
3,5,33,Jan,83
3,5,33,Andy,80
3,5,33,Kelly,57
3,5,33,Kevin,49
3,5,33,Angela,20
3,5,33,Phyllis,10
3,5,33,Toby,1
3,6,34,TOTAL,2830
3,6,34,Michael,1258
3,6,34,Kelly,195
3,6,34,Andy,175
3,6,34,Pam,168
3,6,34,Jim,135
3,6,34,Kevin,102
3,6,34,Angela,100
3,6,34,Jan,97
3,6,34,Dwight,73
3,6,34,Karen,65
3,6,34,Ryan,62
3,6,34,Phyllis,23
3,6,34,Meredith,21
3,6,34,Toby,12
3,6,34,Creed,8
3,6,34,Roy,7
3,6,34,Stanley,4
3,7,35,TOTAL,2746
3,7,35,Michael,758
3,7,35,Jan,358
3,7,35,Dwight,311
3,7,35,Jim,295
3,7,35,Pam,183
3,7,35,Ryan,134
3,7,35,Karen,115
3,7,35,Roy,59
3,7,35,Kevin,58
3,7,35,Phyllis,58
3,7,35,Toby,55
3,7,35,Kelly,48
3,7,35,Angela,45
3,7,35,Andy,44
3,7,35,Darryl,29
3,7,35,Stanley,24
3,8,36,TOTAL,5048
3,8,36,Michael,1961
3,8,36,Dwight,647
3,8,36,Jim,500
3,8,36,Andy,477
3,8,36,Pam,361
3,8,36,Karen,205
3,8,36,Kevin,151
3,8,36,Toby,91
3,8,36,Meredith,64
3,8,36,Ryan,63
3,8,36,Phyllis,60
3,8,36,Kelly,59
3,8,36,Jan,52
3,8,36,Stanley,51
3,8,36,Angela,37
3,8,36,Creed,10
3,9,37,TOTAL,2484
3,9,37,Michael,1194
3,9,37,Jim,312
3,9,37,Andy,215
3,9,37,Angela,97
3,9,37,Pam,90
3,9,37,Kevin,78
3,9,37,Toby,77
3,9,37,Jan,61
3,9,37,Dwight,60
3,9,37,Karen,47
3,9,37,Creed,24
3,9,37,Ryan,14
3,9,37,Meredith,5
3,9,37,Phyllis,5
3,9,37,Stanley,5
3,10,38,TOTAL,6322
3,10,38,Michael,1697
3,10,38,Angela,799
3,10,38,Dwight,763
3,10,38,Jim,501
3,10,38,Pam,495
3,10,38,Karen,346
3,10,38,Andy,331
3,10,38,Kelly,231
3,10,38,Ryan,205
3,10,38,Kevin,163
3,10,38,Toby,120
3,10,38,Phyllis,91
3,10,38,Creed,74
3,10,38,Stanley,58
3,10,38,Roy,54
3,10,38,Darryl,47
3,10,38,Meredith,10
3,10,38,Oscar,9
3,11,39,TOTAL,3908
3,11,39,Michael,1534
3,11,39,Dwight,476
3,11,39,Pam,423
3,11,39,Jim,269
3,11,39,Jan,231
3,11,39,Kevin,113
3,11,39,Karen,110
3,11,39,Stanley,93
3,11,39,Toby,91
3,11,39,Andy,83
3,11,39,Roy,73
3,11,39,Phyllis,68
3,11,39,Angela,65
3,11,39,Creed,51
3,11,39,Ryan,49
3,11,39,Darryl,46
3,11,39,Meredith,41
3,11,39,Kelly,17
3,12,40,TOTAL,2654
3,12,40,Andy,620
3,12,40,Michael,556
3,12,40,Dwight,439
3,12,40,Jim,295
3,12,40,Angela,169
3,12,40,Phyllis,84
3,12,40,Karen,74
3,12,40,Stanley,74
3,12,40,Ryan,63
3,12,40,Kevin,41
3,12,40,Pam,37
3,12,40,Jan,30
3,12,40,Kelly,24
3,13,41,TOTAL,2160
3,13,41,Michael,608
3,13,41,Andy,582
3,13,41,Dwight,255
3,13,41,Jim,131
3,13,41,Angela,118
3,13,41,Oscar,97
3,13,41,Pam,57
3,13,41,Karen,42
3,13,41,Phyllis,37
3,13,41,Kevin,22
3,13,41,Creed,15
3,13,41,Ryan,14
3,13,41,Stanley,8
3,13,41,Meredith,4
3,14,42,TOTAL,2501
3,14,42,Michael,1077
3,14,42,Pam,255
3,14,42,Dwight,207
3,14,42,Jim,176
3,14,42,Karen,149
3,14,42,Jan,43
3,14,42,Kelly,37
3,14,42,Angela,36
3,14,42,Kevin,31
3,14,42,Ryan,31
3,14,42,Roy,27
3,14,42,Meredith,8
3,14,42,Stanley,5
3,15,43,TOTAL,2164
3,15,43,Michael,965
3,15,43,Dwight,283
3,15,43,Jim,181
3,15,43,Roy,109
3,15,43,Pam,105
3,15,43,Phyllis,99
3,15,43,Kevin,89
3,15,43,Kelly,64
3,15,43,Karen,43
3,15,43,Angela,25
3,15,43,Meredith,11
3,15,43,Toby,5
3,15,43,Stanley,4
3,16,44,TOTAL,3004
3,16,44,Michael,1301
3,16,44,Dwight,346
3,16,44,Pam,200
3,16,44,Jim,179
3,16,44,Ryan,149
3,16,44,Kelly,129
3,16,44,Meredith,97
3,16,44,Karen,70
3,16,44,Roy,70
3,16,44,Oscar,64
3,16,44,Toby,61
3,16,44,Kevin,37
3,16,44,Angela,32
3,16,44,Creed,21
3,16,44,Stanley,13
3,17,45,TOTAL,3154
3,17,45,Michael,954
3,17,45,Jan,538
3,17,45,Dwight,274
3,17,45,Pam,252
3,17,45,Roy,215
3,17,45,Jim,200
3,17,45,Karen,177
3,17,45,Ryan,98
3,17,45,Kevin,62
3,17,45,David,58
3,17,45,Stanley,47
3,17,45,Kelly,31
3,17,45,Creed,27
3,17,45,Toby,27
3,17,45,Angela,17
3,17,45,Meredith,7
3,17,45,Oscar,7
3,18,46,TOTAL,3969
3,18,46,Michael,1309
3,18,46,Darryl,413
3,18,46,Dwight,344
3,18,46,Jim,340
3,18,46,Jan,308
3,18,46,Karen,213
3,18,46,Kelly,207
3,18,46,Pam,142
3,18,46,Roy,136
3,18,46,Toby,124
3,18,46,Andy,68
3,18,46,Creed,67
3,18,46,Oscar,62
3,18,46,Angela,61
3,18,46,Kevin,59
3,18,46,Ryan,55
3,18,46,Stanley,36
3,18,46,Phyllis,18
3,19,47,TOTAL,4020
3,19,47,Michael,1427
3,19,47,Dwight,630
3,19,47,Andy,404
3,19,47,Darryl,385
3,19,47,Jim,209
3,19,47,Kevin,178
3,19,47,Kelly,129
3,19,47,Toby,128
3,19,47,Pam,111
3,19,47,Ryan,77
3,19,47,Creed,47
3,19,47,Stanley,47
3,19,47,Angela,46
3,19,47,Karen,28
3,19,47,Phyllis,21
3,19,47,Oscar,16
3,20,48,TOTAL,4636
3,20,48,Michael,1177
3,20,48,Andy,597
3,20,48,Dwight,579
3,20,48,Kelly,502
3,20,48,Jim,452
3,20,48,Creed,335
3,20,48,Angela,253
3,20,48,Pam,158
3,20,48,Ryan,105
3,20,48,Kevin,88
3,20,48,Oscar,79
3,20,48,Karen,20
3,20,48,Phyllis,16
3,20,48,Stanley,9
3,21,49,TOTAL,4322
3,21,49,Michael,1758
3,21,49,Dwight,680
3,21,49,Pam,345
3,21,49,Andy,280
3,21,49,Jim,275
3,21,49,Jan,195
3,21,49,Karen,158
3,21,49,Angela,142
3,21,49,Phyllis,108
3,21,49,Creed,87
3,21,49,Kevin,70
3,21,49,Toby,57
3,21,49,Ryan,56
3,21,49,Meredith,48
3,21,49,Kelly,37
3,21,49,Stanley,15
3,22,50,TOTAL,4804
3,22,50,Michael,2291
3,22,50,Pam,560
3,22,50,Dwight,412
3,22,50,Jim,301
3,22,50,Andy,295
3,22,50,Kevin,137
3,22,50,Stanley,132
3,22,50,Meredith,84
3,22,50,Phyllis,77
3,22,50,Angela,76
3,22,50,Oscar,76
3,22,50,Ryan,68
3,22,50,Kelly,60
3,22,50,David,59
3,22,50,Karen,54
3,22,50,Creed,25
3,22,50,Toby,16
3,23,51,TOTAL,6029
3,23,51,Michael,1711
3,23,51,Dwight,903
3,23,51,Pam,602
3,23,51,David,557
3,23,51,Jim,555
3,23,51,Jan,483
3,23,51,Karen,311
3,23,51,Andy,298
3,23,51,Kevin,124
3,23,51,Kelly,95
3,23,51,Oscar,77
3,23,51,Ryan,72
3,23,51,Meredith,57
3,23,51,Angela,48
3,23,51,Stanley,47
3,23,51,Phyllis,35
3,23,51,Creed,27
4,1,52,TOTAL,6598
4,1,52,Michael,2895
4,1,52,Pam,732
4,1,52,Dwight,642
4,1,52,Angela,517
4,1,52,Jim,460
4,1,52,Kevin,208
4,1,52,Meredith,182
4,1,52,Andy,138
4,1,52,Ryan,117
4,1,52,Toby,115
4,1,52,Oscar,87
4,1,52,Stanley,83
4,1,52,Creed,82
4,1,52,Jan,51
4,1,52,Kelly,50
4,1,52,Phyllis,32
4,1,52,Darryl,19
4,2,53,TOTAL,7048
4,2,53,Michael,2790
4,2,53,Ryan,971
4,2,53,Dwight,861
4,2,53,Jim,425
4,2,53,Pam,362
4,2,53,Angela,191
4,2,53,Kelly,191
4,2,53,Toby,176
4,2,53,Creed,167
4,2,53,Andy,142
4,2,53,Jan,139
4,2,53,Phyllis,128
4,2,53,Oscar,77
4,2,53,Kevin,67
4,2,53,Stanley,30
4,3,54,TOTAL,6486
4,3,54,Michael,2259
4,3,54,Dwight,902
4,3,54,Andy,634
4,3,54,Angela,561
4,3,54,Jim,522
4,3,54,Pam,281
4,3,54,Kevin,209
4,3,54,Ryan,144
4,3,54,Phyllis,116
4,3,54,Meredith,106
4,3,54,Kelly,104
4,3,54,Oscar,100
4,3,54,Darryl,54
4,3,54,Toby,53
4,3,54,Stanley,34
4,3,54,Jan,23
4,3,54,Creed,17
4,4,55,TOTAL,5924
4,4,55,Michael,2038
4,4,55,Dwight,755
4,4,55,Jim,456
4,4,55,Jan,455
4,4,55,Pam,417
4,4,55,Andy,260
4,4,55,Oscar,250
4,4,55,Ryan,201
4,4,55,Kelly,133
4,4,55,Stanley,108
4,4,55,Darryl,100
4,4,55,Kevin,99
4,4,55,Creed,89
4,4,55,Angela,67
4,4,55,Phyllis,33
4,4,55,Toby,29
4,4,55,Meredith,8
4,5,56,TOTAL,3711
4,5,56,Michael,1666
4,5,56,Jim,496
4,5,56,Andy,359
4,5,56,Pam,201
4,5,56,Dwight,122
4,5,56,Darryl,106
4,5,56,Phyllis,86
4,5,56,Ryan,78
4,5,56,Toby,70
4,5,56,Kevin,33
4,5,56,Meredith,27
4,5,56,David Wallace,21
4,5,56,Oscar,20
4,5,56,Stanley,15
4,5,56,Angela,13
4,5,56,Creed,6
4,6,57,TOTAL,3706
4,6,57,Michael,1381
4,6,57,Jim,633
4,6,57,Pam,350
4,6,57,Dwight,326
4,6,57,Andy,296
4,6,57,Karen,255
4,6,57,Oscar,111
4,6,57,Toby,98
4,6,57,Stanley,90
4,6,57,Meredith,35
4,6,57,Angela,33
4,6,57,Phyllis,10
4,6,57,Kevin,6
4,7,58,TOTAL,3451
4,7,58,Michael,1524
4,7,58,Jim,584
4,7,58,Dwight,479
4,7,58,Toby,183
4,7,58,Pam,157
4,7,58,Creed,110
4,7,58,Angela,104
4,7,58,Oscar,78
4,7,58,Andy,62
4,7,58,Meredith,40
4,7,58,Phyllis,36
4,7,58,Kevin,30
4,7,58,Stanley,29
4,7,58,Kelly,7
4,8,59,TOTAL,3881
4,8,59,Michael,1191
4,8,59,Jan,346
4,8,59,Pam,281
4,8,59,Jim,235
4,8,59,Kelly,213
4,8,59,Ryan,139
4,8,59,Toby,100
4,8,59,Dwight,87
4,8,59,Andy,75
4,8,59,Creed,54
4,8,59,Kevin,39
4,8,59,Oscar,36
4,8,59,David Wallace,24
4,8,59,Stanley,21
4,8,59,Phyllis,17
4,8,59,Darryl,11
4,8,59,David,8
4,8,59,Angela,7
4,8,59,Meredith,3
4,9,60,TOTAL,3840
4,9,60,Michael,1459
4,9,60,Jan,1033
4,9,60,Jim,379
4,9,60,Pam,324
4,9,60,Dwight,278
4,9,60,Andy,124
4,9,60,Angela,101
4,9,60,Phyllis,12
4,9,60,Stanley,3
4,10,61,TOTAL,3615
4,10,61,Michael,1765
4,10,61,Pam,416
4,10,61,Dwight,312
4,10,61,Jim,233
4,10,61,Kevin,226
4,10,61,Andy,195
4,10,61,Phyllis,75
4,10,61,Kelly,74
4,10,61,Toby,45
4,10,61,Creed,31
4,10,61,Oscar,24
4,10,61,Angela,13
4,10,61,Stanley,12
4,11,62,TOTAL,3617
4,11,62,Michael,1203
4,11,62,Ryan,638
4,11,62,Jim,497
4,11,62,Dwight,398
4,11,62,Pam,160
4,11,62,Toby,142
4,11,62,Stanley,95
4,11,62,Andy,69
4,11,62,Oscar,56
4,11,62,Kelly,48
4,11,62,Phyllis,32
4,11,62,Angela,24
4,11,62,Kevin,17
4,11,62,Creed,16
4,11,62,Meredith,1
4,12,63,TOTAL,3713
4,12,63,Michael,1398
4,12,63,Dwight,431
4,12,63,Ryan,312
4,12,63,Stanley,282
4,12,63,Pam,279
4,12,63,Jim,274
4,12,63,Andy,205
4,12,63,Toby,140
4,12,63,Kevin,101
4,12,63,Darryl,94
4,12,63,Kelly,80
4,12,63,Phyllis,50
4,12,63,Creed,40
4,12,63,Angela,14
4,12,63,Oscar,11
4,12,63,Meredith,2
4,13,64,TOTAL,3281
4,13,64,Michael,1365
4,13,64,Jim,362
4,13,64,Pam,346
4,13,64,Dwight,210
4,13,64,Andy,205
4,13,64,Kevin,101
4,13,64,Darryl,53
4,13,64,Creed,48
4,13,64,Oscar,23
4,13,64,Angela,16
4,13,64,Kelly,14
4,13,64,Phyllis,10
4,13,64,Meredith,8
4,14,65,TOTAL,7025
4,14,65,Michael,2301
4,14,65,Jim,893
4,14,65,Holly,633
4,14,65,Toby,622
4,14,65,Dwight,481
4,14,65,Pam,384
4,14,65,Phyllis,298
4,14,65,Andy,297
4,14,65,Jan,221
4,14,65,Angela,165
4,14,65,Kevin,156
4,14,65,Creed,138
4,14,65,Oscar,80
4,14,65,Kelly,78
4,14,65,Meredith,69
4,14,65,Stanley,68
4,14,65,Ryan,40
4,14,65,Darryl,7
5,1,66,TOTAL,6653
5,1,66,Michael,1930
5,1,66,Jim,785
5,1,66,Dwight,669
5,1,66,Andy,561
5,1,66,Holly,544
5,1,66,Pam,263
5,1,66,Angela,253
5,1,66,Ryan,253
5,1,66,Kelly,198
5,1,66,Oscar,183
5,1,66,Phyllis,177
5,1,66,Stanley,147
5,1,66,Jan,125
5,1,66,Darryl,121
5,1,66,Toby,95
5,1,66,Kevin,58
5,1,66,Meredith,46
5,1,66,Creed,22
5,2,67,TOTAL,3719
5,2,67,Michael,958
5,2,67,Holly,825
5,2,67,Jim,337
5,2,67,Meredith,285
5,2,67,Ryan,233
5,2,67,Dwight,197
5,2,67,Kevin,183
5,2,67,Phyllis,134
5,2,67,Oscar,110
5,2,67,Andy,91
5,2,67,Pam,52
5,2,67,Kelly,45
5,2,67,Stanley,27
5,2,67,Angela,25
5,2,67,Creed,25
5,3,68,TOTAL,3544
5,3,68,Michael,1106
5,3,68,Jan,679
5,3,68,Dwight,497
5,3,68,Pam,320
5,3,68,Jim,271
5,3,68,Angela,165
5,3,68,Andy,91
5,3,68,Kevin,81
5,3,68,Holly,80
5,3,68,Darryl,63
5,3,68,Phyllis,56
5,3,68,Stanley,50
5,3,68,Oscar,39
5,3,68,Kelly,19
5,3,68,Toby,17
5,3,68,Creed,9
5,3,68,Meredith,1
5,4,69,TOTAL,3170
5,4,69,Michael,1384
5,4,69,Dwight,441
5,4,69,Holly,258
5,4,69,Jim,243
5,4,69,Phyllis,202
5,4,69,Pam,148
5,4,69,Andy,83
5,4,69,Darryl,67
5,4,69,Oscar,50
5,4,69,Angela,45
5,4,69,Roy,44
5,4,69,David Wallace,41
5,4,69,Kevin,35
5,4,69,Creed,25
5,4,69,Stanley,8
5,5,70,TOTAL,4172
5,5,70,Michael,963
5,5,70,Andy,578
5,5,70,Holly,507
5,5,70,Darryl,468
5,5,70,Dwight,427
5,5,70,Pam,303
5,5,70,Jim,231
5,5,70,Pete,141
5,5,70,Oscar,81
5,5,70,Kelly,63
5,5,70,Angela,61
5,5,70,Phyllis,52
5,5,70,Kevin,44
5,5,70,Ryan,26
5,5,70,Meredith,21
5,5,70,Creed,17
5,5,70,Stanley,1
5,6,71,TOTAL,4502
5,6,71,Dwight,1111
5,6,71,Michael,955
5,6,71,Jim,901
5,6,71,Andy,362
5,6,71,Pam,317
5,6,71,Kelly,246
5,6,71,Ryan,100
5,6,71,Angela,88
5,6,71,Phyllis,39
5,6,71,Stanley,32
5,6,71,Darryl,26
5,6,71,Kevin,11
5,6,71,Meredith,11
5,7,72,TOTAL,3077
5,7,72,Michael,1036
5,7,72,Andy,593
5,7,72,Oscar,249
5,7,72,Pam,184
5,7,72,Jim,163
5,7,72,Ryan,157
5,7,72,Kelly,147
5,7,72,David Wallace,145
5,7,72,Dwight,145
5,7,72,Angela,27
5,7,72,Meredith,26
5,7,72,Creed,14
5,7,72,Kevin,12
5,7,72,Stanley,12
5,7,72,Phyllis,7
5,8,73,TOTAL,3269
5,8,73,Michael,1030
5,8,73,Dwight,566
5,8,73,Jim,522
5,8,73,Ryan,252
5,8,73,Pam,217
5,8,73,Toby,195
5,8,73,David,73
5,8,73,Andy,67
5,8,73,Oscar,57
5,8,73,Kelly,53
5,8,73,Creed,29
5,8,73,Kevin,21
5,8,73,Angela,20
5,8,73,Phyllis,14
5,8,73,Meredith,11
5,9,74,TOTAL,3144
5,9,74,Michael,1071
5,9,74,Dwight,422
5,9,74,Pam,419
5,9,74,Oscar,392
5,9,74,Jim,216
5,9,74,Andy,209
5,9,74,Angela,156
5,9,74,David,48
5,9,74,Toby,27
5,9,74,Kevin,20
5,9,74,Stanley,15
5,9,74,Meredith,10
5,9,74,Kelly,9
5,9,74,Creed,5
5,9,74,Phyllis,3
5,10,75,TOTAL,2915
5,10,75,Michael,978
5,10,75,Dwight,378
5,10,75,Phyllis,290
5,10,75,Meredith,289
5,10,75,Andy,244
5,10,75,Toby,202
5,10,75,Jim,180
5,10,75,Angela,138
5,10,75,Kevin,45
5,10,75,Pam,40
5,10,75,Oscar,33
5,10,75,Darryl,31
5,10,75,Stanley,22
5,10,75,Creed,8
5,10,75,Kelly,8
5,11,76,TOTAL,2933
5,11,76,Dwight,724
5,11,76,Michael,687
5,11,76,Andy,524
5,11,76,Jim,260
5,11,76,Angela,222
5,11,76,David,153
5,11,76,Pam,100
5,11,76,Oscar,92
5,11,76,Kevin,74
5,11,76,Meredith,48
5,11,76,Kelly,22
5,11,76,Phyllis,14
5,11,76,Stanley,6
5,11,76,Creed,4
5,12,77,TOTAL,3020
5,12,77,Michael,953
5,12,77,Dwight,841
5,12,77,Jim,299
5,12,77,David,143
5,12,77,Kevin,141
5,12,77,Stanley,86
5,12,77,Andy,70
5,12,77,Oscar,67
5,12,77,Pam,52
5,12,77,Angela,51
5,12,77,Kelly,44
5,12,77,Phyllis,16
5,12,77,Meredith,9
5,12,77,Creed,3
5,13,78,TOTAL,5367
5,13,78,Michael,2061
5,13,78,Dwight,977
5,13,78,Pam,470
5,13,78,Andy,355
5,13,78,Jim,268
5,13,78,Stanley,210
5,13,78,Angela,139
5,13,78,David Wallace,91
5,13,78,Oscar,81
5,13,78,Kevin,71
5,13,78,Phyllis,67
5,13,78,Darryl,48
5,13,78,Kelly,44
5,13,78,Meredith,43
5,13,78,Creed,28
5,13,78,David,12
5,14,79,TOTAL,3062
5,14,79,Michael,1181
5,14,79,Andy,500
5,14,79,Jim,321
5,14,79,Dwight,265
5,14,79,Pam,265
5,14,79,Karen,161
5,14,79,Kelly,103
5,14,79,Stanley,71
5,14,79,Creed,59
5,14,79,Phyllis,14
5,14,79,Oscar,9
5,15,80,TOTAL,2727
5,15,80,Michael,663
5,15,80,Pam,397
5,15,80,Angela,359
5,15,80,Jim,357
5,15,80,Dwight,345
5,15,80,Kelly,204
5,15,80,Kevin,125
5,15,80,Oscar,90
5,15,80,Meredith,34
5,15,80,Stanley,19
5,15,80,Creed,15
5,15,80,Karen,10
5,15,80,Phyllis,4
5,16,81,TOTAL,3088
5,16,81,Michael,1282
5,16,81,Dwight,331
5,16,81,Pam,278
5,16,81,Jim,221
5,16,81,Kevin,188
5,16,81,Oscar,128
5,16,81,Phyllis,95
5,16,81,Kelly,86
5,16,81,Angela,67
5,16,81,Meredith,34
5,16,81,Stanley,34
5,17,82,TOTAL,3540
5,17,82,Michael,1554
5,17,82,Dwight,577
5,17,82,Jim,413
5,17,82,David,323
5,17,82,Pam,290
5,17,82,Andy,158
5,17,82,Kevin,119
5,17,82,Darryl,27
5,17,82,Oscar,27
5,17,82,Stanley,18
5,17,82,Creed,6
5,18,83,TOTAL,3413
5,18,83,Michael,1582
5,18,83,Charles,556
5,18,83,Jim,434
5,18,83,Dwight,231
5,18,83,Pam,146
5,18,83,David,144
5,18,83,Angela,84
5,18,83,Kelly,58
5,18,83,Andy,42
5,18,83,Kevin,32
5,18,83,Phyllis,19
5,18,83,Creed,18
5,18,83,Stanley,13
5,18,83,Oscar,8
5,18,83,Meredith,5
5,19,84,TOTAL,2828
5,19,84,Michael,1109
5,19,84,Pam,348
5,19,84,Charles,258
5,19,84,Jim,215
5,19,84,Oscar,171
5,19,84,Andy,124
5,19,84,Dwight,113
5,19,84,Kevin,108
5,19,84,Angela,92
5,19,84,Kelly,76
5,19,84,Stanley,41
5,19,84,Toby,34
5,19,84,Phyllis,16
5,19,84,Meredith,11
5,19,84,Creed,10
5,20,85,TOTAL,3166
5,20,85,Michael,1309
5,20,85,Pam,575
5,20,85,Charles,340
5,20,85,Jim,261
5,20,85,Andy,125
5,20,85,Dwight,117
5,20,85,Kevin,96
5,20,85,Ryan,70
5,20,85,Stanley,25
5,20,85,Phyllis,16
5,20,85,Angela,12
5,20,85,Kelly,9
5,20,85,Creed,5
5,20,85,Oscar,2
5,21,86,TOTAL,2823
5,21,86,Michael,820
5,21,86,Pam,458
5,21,86,Dwight,339
5,21,86,Jim,308
5,21,86,Ryan,300
5,21,86,Andy,140
5,21,86,Charles,126
5,21,86,Toby,77
5,21,86,Erin,72
5,21,86,Kelly,43
5,21,86,Oscar,31
5,21,86,Creed,30
5,21,86,Stanley,22
5,21,86,Kevin,13
5,21,86,Meredith,6
5,21,86,Phyllis,3
5,22,87,TOTAL,3376
5,22,87,Michael,1241
5,22,87,Dwight,918
5,22,87,Andy,381
5,22,87,Jim,318
5,22,87,Pam,172
5,22,87,Charles,151
5,22,87,Ryan,48
5,22,87,Phyllis,31
5,22,87,Stanley,9
5,22,87,Kevin,6
5,22,87,Kelly,2
5,23,88,TOTAL,2960
5,23,88,Michael,912
5,23,88,David,403
5,23,88,Charles,321
5,23,88,Pam,311
5,23,88,Dwight,306
5,23,88,Jim,291
5,23,88,Ryan,181
5,23,88,Andy,46
5,23,88,Angela,31
5,23,88,Phyllis,18
5,23,88,David Wallace,12
5,23,88,Stanley,12
5,23,88,Kelly,2
5,23,88,Erin,1
5,23,88,Kevin,1
5,24,89,TOTAL,3330
5,24,89,Michael,1306
5,24,89,Dwight,525
5,24,89,Jim,270
5,24,89,Ryan,177
5,24,89,Pam,176
5,24,89,Toby,172
5,24,89,Phyllis,142
5,24,89,Andy,97
5,24,89,Meredith,90
5,24,89,Creed,78
5,24,89,Kevin,73
5,24,89,Angela,64
5,24,89,Stanley,63
5,24,89,Erin,33
5,24,89,Oscar,32
5,24,89,Kelly,22
5,24,89,Darryl,10
5,25,90,TOTAL,3083
5,25,90,Michael,1221
5,25,90,Dwight,543
5,25,90,Erin,164
5,25,90,Phyllis,159
5,25,90,Angela,158
5,25,90,Jim,156
5,25,90,Kevin,125
5,25,90,Pam,123
5,25,90,Andy,119
5,25,90,Kelly,78
5,25,90,Oscar,43
5,25,90,Ryan,34
5,25,90,Creed,30
5,25,90,Stanley,20
5,25,90,Meredith,7
5,26,91,TOTAL,2967
5,26,91,Michael,658
5,26,91,Dwight,515
5,26,91,Jim,368
5,26,91,Holly,357
5,26,91,David,211
5,26,91,Pam,195
5,26,91,Charles,125
5,26,91,Andy,104
5,26,91,Erin,41
5,26,91,Kevin,30
5,26,91,Angela,21
5,26,91,Phyllis,21
5,26,91,Stanley,20
5,26,91,Toby,13
5,26,91,Oscar,12
5,26,91,Meredith,11
6,1,92,TOTAL,3623
6,1,92,Michael,1390
6,1,92,Andy,363
6,1,92,Dwight,353
6,1,92,Jim,352
6,1,92,Pam,272
6,1,92,Stanley,139
6,1,92,Oscar,123
6,1,92,Kevin,109
6,1,92,Creed,56
6,1,92,Phyllis,55
6,1,92,Kelly,45
6,1,92,Erin,41
6,1,92,Angela,36
6,1,92,Meredith,29
6,1,92,Toby,20
6,1,92,Ryan,3
6,2,93,TOTAL,3363
6,2,93,Michael,1159
6,2,93,David,487
6,2,93,Dwight,328
6,2,93,Toby,267
6,2,93,Pam,254
6,2,93,Andy,236
6,2,93,Jim,196
6,2,93,Darryl,151
6,2,93,Kelly,60
6,2,93,Oscar,44
6,2,93,Meredith,41
6,2,93,Creed,28
6,2,93,Ryan,25
6,2,93,David Wallace,18
6,2,93,Erin,17
6,2,93,Phyllis,9
6,2,93,Angela,8
6,2,93,Stanley,7
6,2,93,Kevin,5
6,3,94,TOTAL,3518
6,3,94,Michael,1094
6,3,94,Jim,1001
6,3,94,Dwight,427
6,3,94,Pam,164
6,3,94,Oscar,136
6,3,94,Phyllis,105
6,3,94,David Wallace,94
6,3,94,Kevin,93
6,3,94,Ryan,82
6,3,94,Kelly,79
6,3,94,Meredith,64
6,3,94,Andy,54
6,3,94,Angela,52
6,3,94,Erin,42
6,3,94,Stanley,23
6,3,94,Creed,8
6,4,95,TOTAL,6043
6,4,95,Michael,1747
6,4,95,Dwight,852
6,4,95,Jim,712
6,4,95,Pam,663
6,4,95,Andy,493
6,4,95,Kevin,301
6,4,95,Erin,114
6,4,95,Angela,90
6,4,95,Meredith,84
6,4,95,Oscar,71
6,4,95,Stanley,56
6,4,95,Pete,43
6,4,95,Phyllis,38
6,4,95,Toby,35
6,4,95,Ryan,31
6,4,95,Kelly,26
6,5,96,TOTAL,3439
6,5,96,Michael,1159
6,5,96,Andy,577
6,5,96,Dwight,493
6,5,96,Oscar,188
6,5,96,Kevin,169
6,5,96,Jim,83
6,5,96,Pam,71
6,5,96,Erin,62
6,5,96,Ryan,29
6,5,96,Toby,25
6,5,96,Meredith,23
6,5,96,Creed,7
6,5,96,Phyllis,5
6,6,97,TOTAL,3319
6,6,97,Michael,1009
6,6,97,Jim,581
6,6,97,Pam,545
6,6,97,Dwight,502
6,6,97,Toby,169
6,6,97,Andy,104
6,6,97,Kelly,98
6,6,97,Erin,85
6,6,97,Ryan,53
6,6,97,Oscar,48
6,6,97,Angela,41
6,6,97,Kevin,37
6,6,97,Meredith,22
6,6,97,Phyllis,12
6,6,97,Creed,4
6,6,97,Stanley,3
6,7,98,TOTAL,3377
6,7,98,Michael,1218
6,7,98,Andy,475
6,7,98,Jim,438
6,7,98,Pam,260
6,7,98,Erin,187
6,7,98,Dwight,151
6,7,98,Darryl,126
6,7,98,Phyllis,79
6,7,98,Meredith,75
6,7,98,Kevin,72
6,7,98,Oscar,67
6,7,98,Angela,43
6,7,98,Creed,26
6,7,98,Stanley,15
6,7,98,Kelly,10
6,7,98,Ryan,9
6,8,99,TOTAL,3584
6,8,99,Michael,1323
6,8,99,Dwight,551
6,8,99,Pam,505
6,8,99,Andy,293
6,8,99,Jim,156
6,8,99,Toby,77
6,8,99,Ryan,69
6,8,99,Kelly,43
6,8,99,Erin,29
6,8,99,Kevin,25
6,8,99,Meredith,20
6,8,99,Oscar,18
6,8,99,Angela,16
6,8,99,Creed,12
6,8,99,Phyllis,8
6,8,99,Stanley,5
6,9,100,TOTAL,3379
6,9,100,Michael,887
6,9,100,Jim,719
6,9,100,Dwight,486
6,9,100,Andy,270
6,9,100,Oscar,177
6,9,100,Pam,151
6,9,100,Erin,119
6,9,100,Kevin,110
6,9,100,David,95
6,9,100,Angela,61
6,9,100,Phyllis,52
6,9,100,Meredith,40
6,9,100,Kelly,35
6,9,100,Creed,34
6,9,100,Stanley,33
6,9,100,Ryan,19
6,10,101,TOTAL,3407
6,10,101,Michael,1277
6,10,101,Jim,533
6,10,101,Dwight,356
6,10,101,Andy,209
6,10,101,Oscar,208
6,10,101,Ryan,166
6,10,101,David,110
6,10,101,Pam,96
6,10,101,Phyllis,40
6,10,101,Kevin,38
6,10,101,Erin,22
6,10,101,Stanley,20
6,10,101,Creed,8
6,10,101,Meredith,8
6,11,102,TOTAL,3130
6,11,102,Michael,1058
6,11,102,Dwight,370
6,11,102,Jim,351
6,11,102,Andy,221
6,11,102,Erin,210
6,11,102,Pam,141
6,11,102,David,89
6,11,102,Ryan,43
6,11,102,Kevin,38
6,11,102,Angela,34
6,11,102,Phyllis,29
6,11,102,Stanley,19
6,11,102,Creed,10
6,11,102,Oscar,9
6,11,102,David Wallace,7
6,11,102,Kelly,6
6,12,103,TOTAL,3310
6,12,103,Michael,1356
6,12,103,Dwight,372
6,12,103,Jim,254
6,12,103,Phyllis,248
6,12,103,Pam,189
6,12,103,David,146
6,12,103,Andy,141
6,12,103,Erin,124
6,12,103,Kevin,114
6,12,103,Oscar,70
6,12,103,Toby,52
6,12,103,Ryan,36
6,12,103,Stanley,35
6,12,103,Meredith,30
6,12,103,Angela,25
6,12,103,Kelly,23
6,12,103,Creed,17
6,13,104,TOTAL,1264
6,13,104,Michael,628
6,13,104,Dwight,139
6,13,104,Toby,133
6,13,104,Pam,47
6,13,104,Andy,12
6,13,104,Ryan,11
6,13,104,Angela,6
6,13,104,Kevin,3
6,14,105,TOTAL,3261
6,14,105,Michael,1256
6,14,105,Jim,314
6,14,105,Gabe,304
6,14,105,David,303
6,14,105,Jo,178
6,14,105,Pam,177
6,14,105,Andy,102
6,14,105,Erin,81
6,14,105,Dwight,48
6,14,105,Oscar,38
6,14,105,Meredith,12
6,14,105,Kevin,11
6,14,105,Toby,11
6,14,105,Angela,10
6,14,105,Phyllis,10
6,14,105,Creed,6
6,14,105,Stanley,2
6,15,106,TOTAL,3458
6,15,106,Michael,864
6,15,106,Jo,524
6,15,106,Dwight,520
6,15,106,Erin,277
6,15,106,Andy,275
6,15,106,Jim,265
6,15,106,Kelly,176
6,15,106,Ryan,169
6,15,106,Pam,60
6,15,106,Meredith,58
6,15,106,Gabe,43
6,15,106,Phyllis,34
6,15,106,Oscar,30
6,15,106,Kevin,12
6,15,106,Angela,9
6,16,107,TOTAL,6406
6,16,107,Michael,1513
6,16,107,Jim,1182
6,16,107,Pam,1107
6,16,107,Dwight,667
6,16,107,Andy,506
6,16,107,Erin,272
6,16,107,Kevin,223
6,16,107,Clark,132
6,16,107,Angela,103
6,16,107,Kelly,62
6,16,107,Phyllis,51
6,16,107,Meredith,35
6,16,107,Ryan,32
6,16,107,Oscar,31
6,16,107,Stanley,23
6,16,107,Creed,3
6,16,107,Toby,3
6,17,108,TOTAL,3239
6,17,108,Michael,751
6,17,108,Jo,698
6,17,108,Dwight,392
6,17,108,Jim,328
6,17,108,Andy,225
6,17,108,Erin,194
6,17,108,Gabe,71
6,17,108,Todd Packer,59
6,17,108,Meredith,54
6,17,108,Kevin,43
6,17,108,Angela,38
6,17,108,Oscar,35
6,17,108,Kelly,28
6,17,108,Pam,25
6,17,108,Ryan,21
6,17,108,Phyllis,1
6,17,108,Stanley,1
6,18,109,TOTAL,3367
6,18,109,Michael,1289
6,18,109,Dwight,546
6,18,109,Jim,458
6,18,109,Phyllis,223
6,18,109,Andy,163
6,18,109,Erin,102
6,18,109,Kelly,90
6,18,109,Angela,89
6,18,109,Stanley,84
6,18,109,Gabe,75
6,18,109,Darryl,71
6,18,109,Kevin,61
6,18,109,Toby,31
6,18,109,Meredith,28
6,18,109,Pam,28
6,18,109,Ryan,18
6,18,109,Oscar,9
6,19,110,TOTAL,2962
6,19,110,Michael,715
6,19,110,Andy,383
6,19,110,Dwight,263
6,19,110,Jim,244
6,19,110,Pam,198
6,19,110,Darryl,148
6,19,110,Oscar,148
6,19,110,Angela,128
6,19,110,Erin,81
6,19,110,Phyllis,56
6,19,110,Kevin,51
6,19,110,Ryan,43
6,19,110,Kelly,31
6,19,110,Meredith,8
6,19,110,Creed,6
6,19,110,Stanley,2
6,20,111,TOTAL,3272
6,20,111,Michael,604
6,20,111,Erin,540
6,20,111,Andy,508
6,20,111,Gabe,416
6,20,111,Pam,266
6,20,111,Kevin,222
6,20,111,Dwight,214
6,20,111,Jim,107
6,20,111,Toby,55
6,20,111,Angela,52
6,20,111,Meredith,48
6,20,111,Oscar,37
6,20,111,Kelly,35
6,20,111,Darryl,31
6,20,111,Ryan,27
6,20,111,Phyllis,9
6,21,112,TOTAL,3550
6,21,112,Michael,980
6,21,112,Dwight,626
6,21,112,Kelly,313
6,21,112,Pam,288
6,21,112,Jim,230
6,21,112,Gabe,189
6,21,112,Oscar,136
6,21,112,Kevin,80
6,21,112,Erin,74
6,21,112,Andy,62
6,21,112,Darryl,50
6,21,112,Phyllis,49
6,21,112,Ryan,39
6,21,112,Stanley,24
6,21,112,Angela,23
6,21,112,Creed,15
6,22,113,TOTAL,3585
6,22,113,Michael,1016
6,22,113,Dwight,612
6,22,113,Pam,490
6,22,113,Andy,341
6,22,113,Darryl,301
6,22,113,Jim,150
6,22,113,Gabe,134
6,22,113,Creed,76
6,22,113,Ryan,65
6,22,113,Kelly,63
6,22,113,Stanley,29
6,22,113,Erin,18
6,22,113,Meredith,15
6,22,113,Oscar,6
6,23,114,TOTAL,3719
6,23,114,Michael,1325
6,23,114,Andy,470
6,23,114,Dwight,419
6,23,114,Pam,293
6,23,114,Angela,155
6,23,114,Jim,118
6,23,114,Erin,114
6,23,114,Gabe,114
6,23,114,Ryan,110
6,23,114,Darryl,79
6,23,114,Toby,70
6,23,114,Kelly,49
6,23,114,Creed,34
6,23,114,Meredith,33
6,23,114,Phyllis,31
6,23,114,Oscar,27
6,23,114,Stanley,24
6,23,114,Kevin,21
6,24,115,TOTAL,3462
6,24,115,Michael,1012
6,24,115,Jo,667
6,24,115,Dwight,312
6,24,115,Andy,212
6,24,115,Pam,199
6,24,115,Jim,90
6,24,115,Kelly,87
6,24,115,Ryan,84
6,24,115,Gabe,81
6,24,115,Darryl,64
6,24,115,Kevin,50
6,24,115,Angela,49
6,24,115,Phyllis,45
6,24,115,David Wallace,42
6,24,115,Toby,32
6,24,115,Erin,30
6,24,115,Creed,28
6,24,115,Oscar,20
6,24,115,Todd Packer,20
6,24,115,Stanley,10
7,1,116,TOTAL,3048
7,1,116,Michael,1044
7,1,116,Jim,264
7,1,116,Dwight,256
7,1,116,Pam,230
7,1,116,Andy,185
7,1,116,Gabe,131
7,1,116,Jo,121
7,1,116,Kelly,99
7,1,116,Phyllis,82
7,1,116,Oscar,81
7,1,116,Erin,80
7,1,116,Darryl,70
7,1,116,Creed,66
7,1,116,Kevin,41
7,1,116,Angela,40
7,1,116,Ryan,29
7,1,116,Stanley,23
7,1,116,Toby,22
7,1,116,Meredith,17
7,2,117,TOTAL,3070
7,2,117,Michael,659
7,2,117,Dwight,599
7,2,117,Pam,472
7,2,117,Toby,325
7,2,117,Jim,266
7,2,117,Andy,188
7,2,117,Gabe,185
7,2,117,Erin,62
7,2,117,Kelly,50
7,2,117,Darryl,33
7,2,117,Phyllis,29
7,2,117,Oscar,26
7,2,117,Ryan,24
7,2,117,Stanley,23
7,2,117,Angela,20
7,2,117,Creed,6
7,3,118,TOTAL,2574
7,3,118,Andy,590
7,3,118,Michael,534
7,3,118,Erin,297
7,3,118,Angela,194
7,3,118,Pam,193
7,3,118,Dwight,192
7,3,118,Jim,153
7,3,118,Darryl,90
7,3,118,Creed,35
7,3,118,Phyllis,20
7,3,118,Meredith,16
7,3,118,Kelly,15
7,3,118,Stanley,15
7,3,118,Oscar,6
7,4,119,TOTAL,3455
7,4,119,Michael,1000
7,4,119,Dwight,534
7,4,119,Andy,523
7,4,119,Jan,274
7,4,119,Holly,150
7,4,119,Darryl,114
7,4,119,Pam,94
7,4,119,Gabe,80
7,4,119,Meredith,66
7,4,119,Oscar,56
7,4,119,Kevin,51
7,4,119,Phyllis,45
7,4,119,Kelly,33
7,4,119,Angela,29
7,4,119,Stanley,23
7,4,119,Jim,19
7,4,119,Erin,12
7,4,119,Creed,7
7,4,119,Ryan,4
7,5,120,TOTAL,3593
7,5,120,Michael,1166
7,5,120,Dwight,515
7,5,120,Andy,404
7,5,120,Jim,379
7,5,120,Meredith,146
7,5,120,Darryl,139
7,5,120,Pam,90
7,5,120,Oscar,89
7,5,120,Kevin,81
7,5,120,Phyllis,45
7,5,120,Ryan,32
7,5,120,Stanley,24
7,5,120,Kelly,20
7,5,120,Erin,11
7,5,120,Creed,9
7,5,120,Angela,6
7,6,121,TOTAL,3456
7,6,121,Michael,892
7,6,121,Jim,366
7,6,121,Pam,326
7,6,121,Andy,242
7,6,121,Dwight,240
7,6,121,Gabe,211
7,6,121,Kevin,202
7,6,121,Darryl,186
7,6,121,Oscar,127
7,6,121,Angela,92
7,6,121,Stanley,63
7,6,121,Kelly,60
7,6,121,Erin,54
7,6,121,Ryan,52
7,6,121,Creed,39
7,6,121,Todd Packer,35
7,6,121,Phyllis,16
7,6,121,Toby,14
7,6,121,Meredith,7
7,7,122,TOTAL,3499
7,7,122,Michael,998
7,7,122,Pam,388
7,7,122,Jim,352
7,7,122,Dwight,287
7,7,122,Andy,278
7,7,122,Angela,104
7,7,122,Erin,92
7,7,122,Toby,68
7,7,122,Ryan,63
7,7,122,Kevin,54
7,7,122,Phyllis,40
7,7,122,Stanley,37
7,7,122,Oscar,27
7,7,122,Gabe,22
7,7,122,Darryl,17
7,7,122,Kelly,16
7,8,123,TOTAL,3276
7,8,123,Michael,844
7,8,123,Erin,383
7,8,123,Dwight,374
7,8,123,Andy,310
7,8,123,Pam,300
7,8,123,Gabe,202
7,8,123,Kelly,170
7,8,123,Jim,161
7,8,123,Phyllis,106
7,8,123,Kevin,78
7,8,123,Angela,74
7,8,123,Ryan,67
7,8,123,Oscar,64
7,8,123,Creed,28
7,8,123,Stanley,1
7,9,124,TOTAL,3593
7,9,124,Michael,733
7,9,124,Ryan,601
7,9,124,Dwight,498
7,9,124,Jim,294
7,9,124,Pam,260
7,9,124,Jo,190
7,9,124,Gabe,140
7,9,124,Angela,138
7,9,124,Kelly,86
7,9,124,Kevin,78
7,9,124,Andy,77
7,9,124,Stanley,75
7,9,124,Creed,53
7,9,124,Oscar,44
7,9,124,Erin,39
7,9,124,Phyllis,10
7,10,125,TOTAL,3384
7,10,125,Dwight,766
7,10,125,Michael,747
7,10,125,Pam,471
7,10,125,Jim,268
7,10,125,Oscar,254
7,10,125,Andy,191
7,10,125,Darryl,130
7,10,125,Erin,102
7,10,125,Kelly,65
7,10,125,Stanley,55
7,10,125,Kevin,53
7,10,125,Ryan,48
7,10,125,Angela,37
7,10,125,Phyllis,30
7,10,125,Creed,13
7,10,125,Meredith,10
7,10,125,Gabe,8
7,11,126,TOTAL,6446
7,11,126,Michael,1875
7,11,126,Pam,803
7,11,126,Holly,487
7,11,126,Dwight,469
7,11,126,Jim,433
7,11,126,Darryl,313
7,11,126,Andy,309
7,11,126,Toby,254
7,11,126,Angela,231
7,11,126,Kelly,168
7,11,126,Kevin,166
7,11,126,Ryan,132
7,11,126,Erin,131
7,11,126,Phyllis,91
7,11,126,Stanley,78
7,11,126,Oscar,72
7,11,126,Meredith,70
7,11,126,Gabe,68
7,11,126,Creed,24
7,11,126,Robert,23
7,12,127,TOTAL,3126
7,12,127,Michael,925
7,12,127,Dwight,385
7,12,127,Pam,324
7,12,127,Holly,251
7,12,127,Darryl,220
7,12,127,Andy,214
7,12,127,Kevin,166
7,12,127,Erin,140
7,12,127,Creed,85
7,12,127,Phyllis,78
7,12,127,Ryan,49
7,12,127,Kelly,48
7,12,127,Jim,44
7,12,127,Oscar,24
7,12,127,Angela,14
7,12,127,Meredith,13
7,12,127,Gabe,2
7,13,128,TOTAL,3012
7,13,128,Andy,803
7,13,128,Michael,516
7,13,128,Jim,204
7,13,128,Erin,163
7,13,128,Kevin,152
7,13,128,Pam,148
7,13,128,Gabe,135
7,13,128,Kelly,130
7,13,128,Dwight,125
7,13,128,Oscar,114
7,13,128,David,96
7,13,128,Holly,78
7,13,128,Creed,50
7,13,128,Ryan,44
7,13,128,Darryl,31
7,13,128,Phyllis,10
7,13,128,Stanley,3
7,14,129,TOTAL,3079
7,14,129,Michael,689
7,14,129,Gabe,391
7,14,129,Dwight,331
7,14,129,Jim,310
7,14,129,Pam,249
7,14,129,Holly,222
7,14,129,Erin,138
7,14,129,Kelly,122
7,14,129,Darryl,100
7,14,129,Ryan,84
7,14,129,Oscar,76
7,14,129,Phyllis,50
7,14,129,Andy,49
7,14,129,Kevin,26
7,14,129,Angela,15
7,14,129,Stanley,14
7,14,129,Meredith,7
7,15,130,TOTAL,3080
7,15,130,Michael,795
7,15,130,Gabe,348
7,15,130,Holly,303
7,15,130,Andy,251
7,15,130,Erin,240
7,15,130,Dwight,228
7,15,130,Pam,206
7,15,130,Jim,139
7,15,130,Darryl,131
7,15,130,Kevin,89
7,15,130,Oscar,88
7,15,130,Ryan,83
7,15,130,Angela,53
7,15,130,Phyllis,35
7,15,130,Creed,12
7,15,130,Kelly,12
7,15,130,Meredith,6
7,15,130,Stanley,3
7,16,131,TOTAL,1138
7,16,131,Michael,610
7,16,131,Pam,109
7,16,131,Jim,102
7,16,131,Holly,98
7,16,131,Dwight,63
7,16,131,Erin,32
7,16,131,Jan,31
7,16,131,Andy,17
7,16,131,Kevin,15
7,16,131,Karen,12
7,16,131,Kelly,6
7,16,131,Ryan,6
7,16,131,Creed,2
7,17,132,TOTAL,4049
7,17,132,Michael,766
7,17,132,Dwight,600
7,17,132,Andy,532
7,17,132,Jim,444
7,17,132,Pam,399
7,17,132,Holly,256
7,17,132,Erin,196
7,17,132,Kevin,138
7,17,132,Ryan,51
7,17,132,Meredith,45
7,17,132,Kelly,39
7,17,132,Oscar,26
7,17,132,Phyllis,10
7,17,132,Stanley,9
7,17,132,Angela,4
7,17,132,Gabe,4
7,18,133,TOTAL,3007
7,18,133,Michael,972
7,18,133,Dwight,384
7,18,133,Pam,334
7,18,133,Holly,319
7,18,133,Jim,232
7,18,133,Kevin,145
7,18,133,Ryan,140
7,18,133,Andy,125
7,18,133,Oscar,93
7,18,133,Darryl,82
7,18,133,Phyllis,67
7,18,133,Kelly,34
7,18,133,Meredith,7
7,18,133,Angela,4
7,18,133,Gabe,4
7,18,133,Stanley,3
7,19,134,TOTAL,2849
7,19,134,Deangelo,1004
7,19,134,Michael,821
7,19,134,Andy,202
7,19,134,Dwight,136
7,19,134,Jim,94
7,19,134,Erin,80
7,19,134,Darryl,69
7,19,134,Gabe,68
7,19,134,Pam,68
7,19,134,Oscar,65
7,19,134,Angela,53
7,19,134,Kelly,50
7,19,134,Kevin,33
7,19,134,Ryan,23
7,19,134,Stanley,20
7,19,134,Phyllis,9
7,19,134,Meredith,4
7,20,135,TOTAL,3604
7,20,135,Michael,1326
7,20,135,DeAngelo,732
7,20,135,Jim,241
7,20,135,Dwight,203
7,20,135,Erin,197
7,20,135,Pam,160
7,20,135,Ryan,82
7,20,135,Toby,76
7,20,135,Meredith,74
7,20,135,Jo,64
7,20,135,Andy,60
7,20,135,Phyllis,46
7,20,135,Gabe,45
7,20,135,Kevin,44
7,20,135,Oscar,44
7,20,135,Angela,30
7,20,135,Darryl,30
7,20,135,Stanley,19
7,20,135,Creed,6
7,21,136,TOTAL,4905
7,21,136,Michael,2129
7,21,136,DeAngelo,755
7,21,136,Dwight,344
7,21,136,Pam,227
7,21,136,Andy,212
7,21,136,Jim,199
7,21,136,Phyllis,197
7,21,136,Gabe,141
7,21,136,Erin,96
7,21,136,Angela,88
7,21,136,Meredith,78
7,21,136,Kevin,63
7,21,136,Holly,59
7,21,136,Toby,59
7,21,136,Oscar,39
7,21,136,Kelly,37
7,21,136,Stanley,36
7,21,136,Darryl,33
7,21,136,Ryan,25
7,21,136,Creed,16
7,22,137,TOTAL,3245
7,22,137,Deangelo,1309
7,22,137,Jim,370
7,22,137,Pam,303
7,22,137,Ryan,254
7,22,137,Andy,207
7,22,137,Kelly,189
7,22,137,Dwight,188
7,22,137,Kevin,134
7,22,137,Gabe,62
7,22,137,Darryl,60
7,22,137,Angela,59
7,22,137,Phyllis,26
7,22,137,Erin,19
7,22,137,Oscar,13
7,22,137,Toby,1
7,23,138,TOTAL,3226
7,23,138,Dwight,1097
7,23,138,Jim,626
7,23,138,Gabe,291
7,23,138,Andy,235
7,23,138,Jo,219
7,23,138,Kevin,156
7,23,138,Erin,91
7,23,138,Pam,84
7,23,138,Kelly,75
7,23,138,Toby,63
7,23,138,Angela,54
7,23,138,Darryl,42
7,23,138,Oscar,39
7,23,138,Phyllis,28
7,23,138,Stanley,23
7,23,138,Meredith,19
7,23,138,Creed,14
7,23,138,Ryan,12
7,24,139,TOTAL,7191
7,24,139,Jim,1074
7,24,139,Dwight,655
7,24,139,Andy,482
7,24,139,Jo,430
7,24,139,Gabe,423
7,24,139,Darryl,390
7,24,139,Creed,346
7,24,139,Robert,319
7,24,139,Kelly,298
7,24,139,Angela,272
7,24,139,Pam,269
7,24,139,Phyllis,269
7,24,139,Erin,260
7,24,139,Nellie,211
7,24,139,Ryan,181
7,24,139,Kevin,164
7,24,139,Oscar,156
7,24,139,Toby,145
7,24,139,Stanley,94
7,24,139,Meredith,60
8,1,140,TOTAL,3449
8,1,140,Andy,866
8,1,140,Jim,468
8,1,140,Dwight,418
8,1,140,Robert,416
8,1,140,Pam,278
8,1,140,Ryan,131
8,1,140,Gabe,117
8,1,140,Stanley,107
8,1,140,Erin,89
8,1,140,Kevin,78
8,1,140,Oscar,72
8,1,140,Kelly,69
8,1,140,Toby,65
8,1,140,Phyllis,63
8,1,140,Meredith,62
8,1,140,Angela,61
8,1,140,Darryl,32
8,1,140,Creed,18
8,2,141,TOTAL,3464
8,2,141,Andy,1186
8,2,141,Jim,539
8,2,141,Robert,312
8,2,141,Pam,243
8,2,141,Dwight,235
8,2,141,Kevin,187
8,2,141,Erin,183
8,2,141,Darryl,131
8,2,141,Angela,117
8,2,141,Kelly,65
8,2,141,Phyllis,62
8,2,141,Stanley,52
8,2,141,Oscar,36
8,2,141,Ryan,28
8,2,141,Meredith,16
8,2,141,Toby,5
8,3,142,TOTAL,3893
8,3,142,Andy,1024
8,3,142,Darryl,599
8,3,142,Jim,571
8,3,142,Dwight,402
8,3,142,Pam,229
8,3,142,Oscar,224
8,3,142,Kevin,219
8,3,142,Erin,87
8,3,142,Ryan,86
8,3,142,Kelly,79
8,3,142,Phyllis,66
8,3,142,Toby,45
8,3,142,Meredith,40
8,3,142,Creed,22
8,3,142,Angela,19
8,4,143,TOTAL,3061
8,4,143,Andy,809
8,4,143,Dwight,356
8,4,143,Robert,286
8,4,143,Jim,282
8,4,143,Angela,175
8,4,143,Darryl,141
8,4,143,Pam,139
8,4,143,Gabe,86
8,4,143,Meredith,77
8,4,143,Ryan,76
8,4,143,Oscar,70
8,4,143,Kevin,50
8,4,143,Toby,40
8,4,143,Erin,22
8,4,143,Phyllis,20
8,4,143,Kelly,19
8,4,143,Stanley,16
8,5,144,TOTAL,3286
8,5,144,Robert,557
8,5,144,Erin,498
8,5,144,Andy,421
8,5,144,Jim,389
8,5,144,Pam,253
8,5,144,Dwight,169
8,5,144,Meredith,139
8,5,144,Gabe,105
8,5,144,Oscar,96
8,5,144,Kelly,90
8,5,144,Toby,85
8,5,144,Kevin,68
8,5,144,Angela,64
8,5,144,Darryl,45
8,5,144,Stanley,43
8,5,144,Phyllis,41
8,5,144,Creed,29
8,5,144,Ryan,16
8,6,145,TOTAL,3471
8,6,145,Dwight,867
8,6,145,Andy,573
8,6,145,Jim,398
8,6,145,Gabe,344
8,6,145,Robert,293
8,6,145,Pam,190
8,6,145,Stanley,163
8,6,145,Darryl,113
8,6,145,Oscar,107
8,6,145,Erin,68
8,6,145,Kevin,54
8,6,145,Angela,52
8,6,145,Toby,51
8,6,145,Kelly,49
8,6,145,Ryan,33
8,6,145,Phyllis,15
8,7,146,TOTAL,2946
8,7,146,Dwight,706
8,7,146,Pam,586
8,7,146,Andy,442
8,7,146,Jim,299
8,7,146,Darryl,187
8,7,146,Kelly,124
8,7,146,Kevin,90
8,7,146,Robert,77
8,7,146,Erin,66
8,7,146,Ryan,62
8,7,146,Toby,52
8,7,146,Gabe,30
8,7,146,Oscar,24
8,7,146,Creed,9
8,7,146,Phyllis,9
8,8,147,TOTAL,3701
8,8,147,Andy,1019
8,8,147,Dwight,382
8,8,147,Jim,330
8,8,147,Gabe,293
8,8,147,Robert,283
8,8,147,Kevin,236
8,8,147,Ryan,213
8,8,147,Pam,184
8,8,147,Oscar,123
8,8,147,Darryl,98
8,8,147,Stanley,93
8,8,147,Phyllis,91
8,8,147,Erin,86
8,8,147,Kelly,26
8,8,147,Angela,10
8,8,147,Meredith,2
8,9,148,TOTAL,3542
8,9,148,Dwight,770
8,9,148,Andy,610
8,9,148,Robert,537
8,9,148,Jim,497
8,9,148,Darryl,241
8,9,148,Oscar,116
8,9,148,Erin,59
8,9,148,Gabe,52
8,9,148,Kevin,51
8,9,148,Ryan,31
8,9,148,Phyllis,26
8,9,148,Meredith,18
8,9,148,Toby,15
8,9,148,Creed,14
8,9,148,Kelly,14
8,9,148,Angela,7
8,9,148,Stanley,3
8,10,149,TOTAL,3572
8,10,149,Andy,996
8,10,149,Jim,481
8,10,149,Dwight,389
8,10,149,Robert,386
8,10,149,Erin,373
8,10,149,Meredith,142
8,10,149,Stanley,101
8,10,149,Toby,97
8,10,149,Darryl,96
8,10,149,Kelly,75
8,10,149,Ryan,53
8,10,149,Kevin,52
8,10,149,Oscar,50
8,10,149,Phyllis,31
8,10,149,Creed,20
8,10,149,Angela,16
8,11,150,TOTAL,3306
8,11,150,Andy,641
8,11,150,Dwight,412
8,11,150,Robert,378
8,11,150,Gabe,281
8,11,150,Oscar,241
8,11,150,Kevin,182
8,11,150,Jim,159
8,11,150,Kelly,100
8,11,150,Darryl,78
8,11,150,Stanley,52
8,11,150,Ryan,47
8,11,150,Erin,37
8,11,150,Phyllis,33
8,11,150,Meredith,26
8,11,150,Creed,18
8,11,150,Angela,13
8,12,151,TOTAL,3166
8,12,151,Erin,573
8,12,151,Robert,537
8,12,151,Dwight,397
8,12,151,Andy,388
8,12,151,Jim,320
8,12,151,Kevin,113
8,12,151,Darryl,101
8,12,151,Gabe,82
8,12,151,Oscar,82
8,12,151,Ryan,81
8,12,151,Meredith,77
8,12,151,Kelly,64
8,12,151,Stanley,51
8,12,151,Toby,44
8,12,151,Phyllis,42
8,12,151,Angela,27
8,13,152,TOTAL,3863
8,13,152,Dwight,889
8,13,152,Jim,850
8,13,152,Andy,584
8,13,152,Oscar,229
8,13,152,Angela,220
8,13,152,Pam,179
8,13,152,Darryl,136
8,13,152,Stanley,108
8,13,152,Erin,104
8,13,152,Kevin,84
8,13,152,Phyllis,66
8,13,152,Gabe,52
8,13,152,Toby,38
8,13,152,Creed,33
8,13,152,Meredith,25
8,13,152,Kelly,22
8,13,152,Ryan,16
8,14,153,TOTAL,3456
8,14,153,Dwight,1171
8,14,153,Andy,438
8,14,153,Jim,287
8,14,153,Pam,237
8,14,153,Darryl,210
8,14,153,Erin,198
8,14,153,Ryan,179
8,14,153,Angela,115
8,14,153,Stanley,92
8,14,153,Kelly,76
8,14,153,Kevin,74
8,14,153,Oscar,26
8,14,153,Meredith,18
8,14,153,Phyllis,16
8,14,153,Toby,15
8,14,153,Creed,2
8,15,154,TOTAL,3227
8,15,154,Dwight,1116
8,15,154,Nellie,556
8,15,154,Jim,309
8,15,154,Andy,278
8,15,154,Erin,184
8,15,154,Stanley,112
8,15,154,Pam,88
8,15,154,Darryl,81
8,15,154,Ryan,73
8,15,154,Kelly,40
8,15,154,Kevin,24
8,15,154,Meredith,23
8,15,154,Creed,15
8,15,154,Oscar,9
8,16,155,TOTAL,3244
8,16,155,Dwight,849
8,16,155,Jim,405
8,16,155,Nellie,272
8,16,155,Andy,246
8,16,155,Ryan,163
8,16,155,Pam,160
8,16,155,Erin,140
8,16,155,Kelly,140
8,16,155,Darryl,99
8,16,155,Oscar,92
8,16,155,Stanley,66
8,16,155,Angela,47
8,16,155,Gabe,47
8,16,155,Phyllis,30
8,16,155,Kevin,25
8,17,156,TOTAL,3213
8,17,156,Dwight,756
8,17,156,Andy,400
8,17,156,Jim,394
8,17,156,Nellie,283
8,17,156,Toby,278
8,17,156,Ryan,259
8,17,156,Erin,158
8,17,156,Kelly,111
8,17,156,Kevin,91
8,17,156,Pam,75
8,17,156,Oscar,55
8,17,156,Angela,44
8,17,156,Todd Packer,38
8,17,156,Darryl,33
8,17,156,Meredith,20
8,17,156,Phyllis,18
8,17,156,Creed,6
8,17,156,Stanley,3
8,18,157,TOTAL,3463
8,18,157,Dwight,606
8,18,157,Jim,435
8,18,157,Darryl,345
8,18,157,Andy,334
8,18,157,Kevin,302
8,18,157,Erin,214
8,18,157,Todd Packer,186
8,18,157,Nellie,179
8,18,157,Toby,154
8,18,157,Oscar,108
8,18,157,Pam,103
8,18,157,Kelly,73
8,18,157,Phyllis,43
8,18,157,Angela,17
8,18,157,Creed,16
8,18,157,Gabe,13
8,18,157,Meredith,13
8,18,157,Ryan,9
8,18,157,Stanley,9
8,19,158,TOTAL,2960
8,19,158,Nellie,751
8,19,158,Andy,451
8,19,158,Erin,329
8,19,158,Jim,301
8,19,158,Robert,292
8,19,158,Dwight,198
8,19,158,Pam,192
8,19,158,Toby,58
8,19,158,Kevin,51
8,19,158,Phyllis,18
8,19,158,Angela,17
8,19,158,Oscar,17
8,19,158,Darryl,15
8,19,158,Meredith,12
8,19,158,Ryan,10
8,19,158,Creed,5
8,19,158,Stanley,4
8,19,158,Kelly,2
8,20,159,TOTAL,3265
8,20,159,Andy,562
8,20,159,Nellie,388
8,20,159,Jim,386
8,20,159,Pam,332
8,20,159,Robert,234
8,20,159,Dwight,205
8,20,159,Erin,178
8,20,159,Oscar,109
8,20,159,Angela,84
8,20,159,Phyllis,64
8,20,159,Creed,55
8,20,159,Kevin,34
8,20,159,Darryl,28
8,20,159,Ryan,22
8,20,159,Gabe,17
8,20,159,Stanley,3
8,21,160,TOTAL,3278
8,21,160,Andy,588
8,21,160,Ryan,524
8,21,160,Pam,354
8,21,160,Nellie,313
8,21,160,Dwight,289
8,21,160,Robert,251
8,21,160,Erin,192
8,21,160,Jim,145
8,21,160,Phyllis,127
8,21,160,Kelly,126
8,21,160,Kevin,66
8,21,160,Gabe,57
8,21,160,Darryl,51
8,21,160,Oscar,48
8,21,160,Angela,21
8,21,160,Creed,14
8,21,160,Toby,11
8,21,160,Meredith,4
8,21,160,Stanley,2
8,22,161,TOTAL,3079
8,22,161,Andy,589
8,22,161,Dwight,344
8,22,161,Kevin,296
8,22,161,Jim,233
8,22,161,Ryan,218
8,22,161,Nellie,203
8,22,161,Robert,196
8,22,161,Oscar,189
8,22,161,Pam,165
8,22,161,David,83
8,22,161,Angela,74
8,22,161,Darryl,74
8,22,161,Erin,73
8,22,161,Creed,11
8,22,161,Phyllis,11
8,22,161,Meredith,7
8,22,161,Stanley,7
8,23,162,TOTAL,3061
8,23,162,Dwight,502
8,23,162,Andy,468
8,23,162,Robert,447
8,23,162,Jim,370
8,23,162,Nellie,178
8,23,162,Gabe,159
8,23,162,Pam,140
8,23,162,Toby,102
8,23,162,Erin,89
8,23,162,Angela,51
8,23,162,David,43
8,23,162,Phyllis,12
8,23,162,Stanley,5
8,23,162,Kevin,4
8,23,162,Oscar,4
8,23,162,Creed,2
8,24,163,TOTAL,2774
8,24,163,Andy,555
8,24,163,Robert,264
8,24,163,Dwight,251
8,24,163,Darryl,235
8,24,163,Jim,226
8,24,163,David,188
8,24,163,Angela,176
8,24,163,Oscar,139
8,24,163,Nellie,119
8,24,163,Pam,117
8,24,163,Erin,104
8,24,163,Toby,51
8,24,163,Kelly,50
8,24,163,Kevin,23
8,24,163,Phyllis,23
8,24,163,Gabe,11
8,24,163,Creed,9
8,24,163,Meredith,8
8,24,163,Stanley,6
9,1,164,TOTAL,2778
9,1,164,Dwight,549
9,1,164,Andy,480
9,1,164,Jim,265
9,1,164,Angela,228
9,1,164,Clark,184
9,1,164,Pam,184
9,1,164,Kevin,161
9,1,164,Toby,158
9,1,164,Pete,105
9,1,164,Nellie,95
9,1,164,Erin,81
9,1,164,Oscar,69
9,1,164,Creed,62
9,1,164,Ryan,43
9,1,164,Kelly,27
9,1,164,Darryl,23
9,1,164,Stanley,17
9,1,164,Meredith,11
9,1,164,David,10
9,1,164,Phyllis,1
9,2,165,TOTAL,3358
9,2,165,Pam,517
9,2,165,Jim,394
9,2,165,Nellie,344
9,2,165,Andy,331
9,2,165,Erin,330
9,2,165,Clark,322
9,2,165,Dwight,300
9,2,165,Pete,166
9,2,165,Roy,159
9,2,165,Darryl,129
9,2,165,Kevin,107
9,2,165,Angela,80
9,2,165,Oscar,60
9,2,165,Toby,32
9,2,165,Creed,31
9,2,165,Meredith,15
9,2,165,Phyllis,6
9,2,165,Stanley,3
9,3,166,TOTAL,2831
9,3,166,Andy,718
9,3,166,Nellie,472
9,3,166,Pam,346
9,3,166,Darryl,322
9,3,166,Dwight,251
9,3,166,Jim,216
9,3,166,Erin,155
9,3,166,Oscar,110
9,3,166,Clark,40
9,3,166,Phyllis,33
9,3,166,Pete,28
9,3,166,Stanley,16
9,3,166,Kevin,13
9,3,166,Meredith,10
9,3,166,Angela,8
9,4,167,TOTAL,3060
9,4,167,Dwight,682
9,4,167,Jim,668
9,4,167,Andy,507
9,4,167,Nellie,242
9,4,167,Pam,204
9,4,167,Kevin,125
9,4,167,Erin,113
9,4,167,Oscar,112
9,4,167,Stanley,63
9,4,167,Darryl,56
9,4,167,Angela,53
9,4,167,Clark,51
9,4,167,Meredith,35
9,4,167,Phyllis,26
9,4,167,Creed,25
9,4,167,Toby,14
9,4,167,Pete,8
9,5,168,TOTAL,2980
9,5,168,Andy,659
9,5,168,Dwight,514
9,5,168,Jim,312
9,5,168,Pam,253
9,5,168,Erin,210
9,5,168,Nellie,209
9,5,168,Angela,82
9,5,168,Kevin,51
9,5,168,Clark,45
9,5,168,Darryl,41
9,5,168,Meredith,31
9,5,168,Toby,20
9,5,168,Stanley,18
9,5,168,Oscar,17
9,5,168,Creed,15
9,5,168,Pete,11
9,6,169,TOTAL,3362
9,6,169,Andy,735
9,6,169,Dwight,460
9,6,169,Erin,364
9,6,169,Nellie,333
9,6,169,Kevin,287
9,6,169,Oscar,283
9,6,169,Pam,169
9,6,169,Angela,111
9,6,169,Jim,97
9,6,169,Toby,86
9,6,169,Pete,75
9,6,169,Meredith,37
9,6,169,Darryl,34
9,6,169,David Wallace,26
9,6,169,Creed,7
9,7,170,TOTAL,3200
9,7,170,Dwight,655
9,7,170,Pam,473
9,7,170,Jan,238
9,7,170,Jim,236
9,7,170,Oscar,233
9,7,170,Angela,209
9,7,170,Andy,181
9,7,170,Erin,168
9,7,170,Phyllis,164
9,7,170,Nellie,133
9,7,170,David,86
9,7,170,Pete,57
9,7,170,Toby,56
9,7,170,Clark,30
9,7,170,Meredith,28
9,7,170,Darryl,22
9,7,170,Kevin,12
9,7,170,Creed,3
9,8,171,TOTAL,2988
9,8,171,Dwight,611
9,8,171,Angela,388
9,8,171,Jim,311
9,8,171,Oscar,299
9,8,171,Pete,285
9,8,171,Pam,271
9,8,171,Phyllis,101
9,8,171,Kevin,92
9,8,171,Stanley,71
9,8,171,Nellie,56
9,8,171,Erin,52
9,8,171,Darryl,46
9,8,171,David,39
9,8,171,Toby,37
9,8,171,Meredith,36
9,8,171,Creed,23
9,9,172,TOTAL,3197
9,9,172,Dwight,990
9,9,172,Jim,555
9,9,172,Pam,250
9,9,172,Erin,248
9,9,172,Pete,207
9,9,172,Darryl,176
9,9,172,Toby,162
9,9,172,Kevin,133
9,9,172,Phyllis,131
9,9,172,Oscar,109
9,9,172,Nellie,73
9,9,172,Angela,62
9,9,172,Meredith,53
9,9,172,Stanley,34
9,9,172,Creed,14
9,10,173,TOTAL,3217
9,10,173,Pam,578
9,10,173,Dwight,398
9,10,173,Jim,395
9,10,173,Erin,336
9,10,173,Meredith,283
9,10,173,Darryl,206
9,10,173,Nellie,205
9,10,173,Kevin,141
9,10,173,Angela,112
9,10,173,Oscar,83
9,10,173,Phyllis,58
9,10,173,Pete,46
9,10,173,Creed,31
9,10,173,Stanley,31
9,11,174,TOTAL,3408
9,11,174,Dwight,738
9,11,174,Clark,477
9,11,174,Pam,315
9,11,174,Erin,314
9,11,174,Darryl,306
9,11,174,Jim,247
9,11,174,Oscar,183
9,11,174,Kevin,151
9,11,174,Nellie,78
9,11,174,Angela,73
9,11,174,Stanley,54
9,11,174,Meredith,48
9,11,174,Phyllis,26
9,11,174,Pete,16
9,11,174,Creed,13
9,12,175,TOTAL,3127
9,12,175,Dwight,610
9,12,175,Pam,573
9,12,175,Jim,568
9,12,175,Nellie,324
9,12,175,Erin,204
9,12,175,Darryl,199
9,12,175,Pete,90
9,12,175,Kevin,78
9,12,175,Angela,74
9,12,175,Toby,65
9,12,175,Oscar,50
9,12,175,Phyllis,49
9,12,175,Clark,14
9,12,175,Meredith,13
9,12,175,Stanley,6
9,12,175,Creed,5
9,13,176,TOTAL,3248
9,13,176,Dwight,1235
9,13,176,Jim,593
9,13,176,Clark,296
9,13,176,Pam,177
9,13,176,David Wallace,90
9,13,176,Oscar,45
9,13,176,Nellie,42
9,13,176,Meredith,27
9,13,176,Stanley,25
9,13,176,Darryl,23
9,13,176,Angela,18
9,13,176,Erin,10
9,13,176,Kevin,7
9,14,177,TOTAL,3385
9,14,177,Pam,870
9,14,177,Dwight,480
9,14,177,Jim,349
9,14,177,Darryl,334
9,14,177,Angela,189
9,14,177,Oscar,180
9,14,177,Erin,159
9,14,177,Kevin,120
9,14,177,Nellie,84
9,14,177,Clark,40
9,14,177,Toby,30
9,14,177,Meredith,25
9,14,177,Creed,8
9,14,177,Phyllis,5
9,15,178,TOTAL,3387
9,15,178,Andy,867
9,15,178,Dwight,404
9,15,178,Jim,375
9,15,178,Erin,315
9,15,178,Pam,221
9,15,178,Nellie,128
9,15,178,Clark,117
9,15,178,Pete,115
9,15,178,Phyllis,92
9,15,178,David Wallace,91
9,15,178,Kevin,85
9,15,178,Oscar,81
9,15,178,Jan,74
9,15,178,Darryl,69
9,15,178,Angela,61
9,15,178,Meredith,44
9,15,178,Stanley,16
9,16,179,TOTAL,5539
9,16,179,Andy,1166
9,16,179,Dwight,556
9,16,179,Pam,498
9,16,179,Pete,294
9,16,179,Erin,293
9,16,179,Jim,258
9,16,179,Toby,254
9,16,179,Gabe,238
9,16,179,Angela,223
9,16,179,Oscar,198
9,16,179,Nellie,148
9,16,179,David,65
9,16,179,Clark,63
9,16,179,Phyllis,60
9,16,179,Darryl,45
9,16,179,Meredith,45
9,16,179,Stanley,32
9,16,179,David Wallace,23
9,16,179,Kevin,21
9,16,179,Creed,18
9,17,180,TOTAL,2844
9,17,180,Dwight,648
9,17,180,Todd Packer,434
9,17,180,Pam,236
9,17,180,Oscar,120
9,17,180,Kevin,113
9,17,180,Andy,109
9,17,180,Phyllis,94
9,17,180,Jim,57
9,17,180,Creed,48
9,17,180,Clark,47
9,17,180,Angela,41
9,17,180,Stanley,36
9,17,180,Erin,31
9,17,180,Nellie,24
9,17,180,Meredith,17
9,17,180,Darryl,10
9,18,181,TOTAL,3149
9,18,181,Pam,415
9,18,181,Dwight,407
9,18,181,Angela,337
9,18,181,Andy,283
9,18,181,Jim,214
9,18,181,Clark,205
9,18,181,Oscar,203
9,18,181,Kevin,104
9,18,181,Stanley,82
9,18,181,Darryl,63
9,18,181,Toby,57
9,18,181,Nellie,51
9,18,181,Erin,37
9,18,181,Meredith,34
9,18,181,Phyllis,29
9,18,181,Pete,20
9,19,182,TOTAL,3130
9,19,182,Dwight,828
9,19,182,Andy,495
9,19,182,Clark,231
9,19,182,Stanley,199
9,19,182,Jim,163
9,19,182,Robert,162
9,19,182,Toby,158
9,19,182,Nellie,142
9,19,182,Erin,140
9,19,182,Pam,122
9,19,182,Oscar,69
9,19,182,Angela,54
9,19,182,Kevin,54
9,19,182,Phyllis,25
9,19,182,Meredith,14
9,19,182,Creed,8
9,19,182,Pete,8
9,20,183,TOTAL,2871
9,20,183,Andy,532
9,20,183,Nellie,286
9,20,183,Pam,277
9,20,183,Dwight,274
9,20,183,Angela,265
9,20,183,Jim,239
9,20,183,Erin,208
9,20,183,Kevin,80
9,20,183,Darryl,79
9,20,183,Clark,78
9,20,183,Toby,44
9,20,183,Robert,23
9,20,183,Pete,19
9,20,183,Creed,18
9,20,183,Stanley,15
9,20,183,Oscar,14
9,21,184,TOTAL,4509
9,21,184,Andy,1059
9,21,184,Dwight,655
9,21,184,Jim,569
9,21,184,David Wallace,414
9,21,184,Angela,387
9,21,184,Oscar,209
9,21,184,Clark,162
9,21,184,Erin,143
9,21,184,Pam,142
9,21,184,Kevin,137
9,21,184,Darryl,127
9,21,184,Nellie,117
9,21,184,Pete,59
9,21,184,Stanley,52
9,21,184,Phyllis,44
9,21,184,Creed,34
9,21,184,Toby,30
9,21,184,Meredith,15
9,22,185,TOTAL,5354
9,22,185,Dwight,1202
9,22,185,Jim,1056
9,22,185,Andy,603
9,22,185,Darryl,324
9,22,185,Oscar,282
9,22,185,Angela,272
9,22,185,Kevin,261
9,22,185,Pam,258
9,22,185,Erin,169
9,22,185,Meredith,87
9,22,185,Creed,68
9,22,185,Phyllis,65
9,22,185,Clark,62
9,22,185,Stanley,54
9,22,185,Pete,11
9,23,186,TOTAL,6276
9,23,186,Dwight,1115
9,23,186,Pam,885
9,23,186,Jim,786
9,23,186,Andy,430
9,23,186,Kevin,282
9,23,186,Angela,272
9,23,186,Oscar,219
9,23,186,Darryl,177
9,23,186,Creed,168
9,23,186,Ryan,160
9,23,186,Meredith,158
9,23,186,Phyllis,151
9,23,186,Kelly,141
9,23,186,Nellie,138
9,23,186,Erin,129
9,23,186,Toby,108
9,23,186,Stanley,94
9,23,186,David Wallace,40
9,23,186,Michael,23
9,23,186,Pete,23
9,23,186,Clark,20
